source_file,sequence,book,unit,word,pronunciation,part_of_speech,chinese_definition,page_number
7a-word-list_01-07.png,,7A,Starter Unit 1,unit,/ˈjuːnɪt/,n.,单元,p.1
7a-word-list_01-07.png,,7A,Starter Unit 1,starter unit,/ˈstɑːtə(r)/,,过渡单元,p.1
7a-word-list_01-07.png,,7A,Starter Unit 1,section,/ˈsekʃn/,n.,部分；地区,p.1
7a-word-list_01-07.png,,7A,Starter Unit 1,greet,/ɡriːt/,v.,招呼；问候,p.1
7a-word-list_01-07.png,,7A,Starter Unit 1,each,/iːtʃ/,adj. & pron.,每个；各自,p.2
7a-word-list_01-07.png,,7A,Starter Unit 1,other,/ˈʌðə(r)/,pron. adj.,pron. 另外的人（或物）adj. 另外的；其他的,p.2
7a-word-list_01-07.png,,7A,Starter Unit 1,each other,,,互相；彼此,p.2
7a-word-list_01-07.png,,7A,Starter Unit 1,everyone,/ˈevriwʌn/,pron.,每人；所有人,p.2
7a-word-list_01-07.png,,7A,Starter Unit 1,start,/stɑːt/,v.,开始；着手,p.4
7a-word-list_01-07.png,,7A,Starter Unit 1,conversation,/ˌkɒnvəˈseɪʃn/,n.,谈话；交谈,p.4
7a-word-list_01-07.png,,7A,Starter Unit 1,spell,/spel/,v.,用字母拼；拼写,p.4
7a-word-list_01-07.png,,7A,Starter Unit 1,bell,/bel/,n.,铃（声）；钟（声）,p.4
7a-word-list_01-07.png,,7A,Starter Unit 2,bottle,/ˈbɒtl/,n.,瓶子,p.7
7a-word-list_01-07.png,,7A,Starter Unit 2,eraser,/ɪˈreɪzə(r)/,n.,橡皮,p.7
7a-word-list_01-07.png,,7A,Starter Unit 2,key,/kiː/,n.,钥匙；关键,p.7
7a-word-list_01-07.png,,7A,Starter Unit 2,thing,/θɪŋ/,n.,东西；事情,p.10
7a-word-list_01-07.png,,7A,Starter Unit 2,need,/niːd/,v. & n.,需要,p.10
7a-word-list_01-07.png,,7A,Starter Unit 2,You're welcome.,,,别客气；不用谢。,p.11
7a-word-list_01-07.png,,7A,Starter Unit 3,fun,/fʌn/,n. adj.,n. 乐趣；快乐 adj. 有趣的；使人快乐的,p.13
7a-word-list_01-07.png,,7A,Starter Unit 3,yard,/jɑːd/,n.,院子；园圃,p.13
7a-word-list_01-07.png,,7A,Starter Unit 3,carrot,/ˈkærət/,n.,胡萝卜,p.13
7a-word-list_01-07.png,,7A,Starter Unit 3,goose,/ɡuːs/,n.,(pl. geese /ɡiːs/) 鹅,p.14
7a-word-list_01-07.png,,7A,Starter Unit 3,count,/kaʊnt/,v.,数数,p.16
7a-word-list_01-07.png,,7A,Starter Unit 3,another,/əˈnʌðə(r)/,adj. & pron.,另一；又一（人或事物）,p.16
7a-word-list_01-07.png,,7A,Starter Unit 3,else,/els/,adv.,其他的；别的,p.17
7a-word-list_01-07.png,,7A,Starter Unit 3,circle,/ˈsɜːkl/,v. n.,v. 圈出 n. 圆形；圆圈,p.17
7a-word-list_01-07.png,,7A,Starter Unit 3,look at,,,看；瞧,p.17
7a-word-list_01-07.png,,7A,Unit 1,make friends,,,交朋友,p.19
7a-word-list_01-07.png,,7A,Unit 1,get to know,,,认识；了解,p.20
7a-word-list_01-07.png,,7A,Unit 1,full,/fʊl/,adj.,完整的；满的,p.20
7a-word-list_01-07.png,,7A,Unit 1,full name,,,全名,p.20
7a-word-list_01-07.png,,7A,Unit 1,grade,/ɡreɪd/,n.,年级；等级,p.20
7a-word-list_01-07.png,,7A,Unit 1,last name,,,姓氏,p.20
7a-word-list_01-07.png,,7A,Unit 1,classmate,/ˈklɑːsmeɪt/,n.,同班同学,p.21
7a-word-list_01-07.png,,7A,Unit 1,class teacher,,,班主任,p.21
7a-word-list_01-07.png,,7A,Unit 1,first name,,,名字,p.21
7a-word-list_01-07.png,,7A,Unit 1,mistake,/mɪˈsteɪk/,n.,错误；失误,p.21
7a-word-list_01-07.png,,7A,Unit 1,country,/ˈkʌntri/,n.,国家,p.22
7a-word-list_01-07.png,,7A,Unit 1,same,/seɪm/,adj.,相同的,p.23
7a-word-list_01-07.png,,7A,Unit 1,twin,/twɪn/,n. adj.,n. 双胞胎之一 adj. 双胞胎之一的,p.23
7a-word-list_01-07.png,,7A,Unit 1,both,/bəʊθ/,adj. & pron.,两个；两个都,p.23
7a-word-list_01-07.png,,7A,Unit 1,band,/bænd/,n.,乐队,p.23
7a-word-list_01-07.png,,7A,Unit 1,pot,/pɒt/,n.,锅,p.23
7a-word-list_01-07.png,,7A,Unit 1,a lot,,,很；非常,p.23
7a-word-list_01-07.png,,7A,Unit 1,tofu,/ˈtəʊfuː/,n.,豆腐,p.23
7a-word-list_01-07.png,,7A,Unit 1,parrot,/ˈpærət/,n.,鹦鹉,p.24
7a-word-list_01-07.png,,7A,Unit 1,guitar,/ɡɪˈtɑː(r)/,n.,吉他,p.24
7a-word-list_01-07.png,,7A,Unit 1,tennis,/ˈtenɪs/,n.,网球运动,p.24
7a-word-list_01-07.png,,7A,Unit 1,page,/peɪdʒ/,n.,页面；（书刊或纸张）页,p.24
7a-word-list_01-07.png,,7A,Unit 1,even,/ˈiːvn/,adv.,甚至；连；愈加,p.24
7a-word-list_01-07.png,,7A,Unit 1,play the guitar,,,弹吉他,p.24
7a-word-list_01-07.png,,7A,Unit 1,would,/wʊd; wəd/,modal v.,想（用于礼貌地邀请或向某人提供某物）；将会,p.24
7a-word-list_01-07.png,,7A,Unit 1,would ('d) like to,,,表示愿意、喜欢,p.24
7a-word-list_01-07.png,,7A,Unit 1,information,/ˌɪnfəˈmeɪʃn/,n.,信息；消息,p.25
7a-word-list_01-07.png,,7A,Unit 1,hobby,/ˈhɒbi/,n.,业余爱好,p.25
7a-word-list_01-07.png,,7A,Unit 1,hot pot,,,火锅,p.23
7a-word-list_01-07.png,,7A,Unit 1,Mapo tofu,,,麻婆豆腐,p.23
7a-word-list_01-07.png,,7A,Unit 1,Beijing roast duck,/rəʊst/,,北京烤鸭,p.24
7a-word-list_01-07.png,,7A,Unit 2,mean,/miːn/,v.,意思是；打算,p.27
7a-word-list_01-07.png,,7A,Unit 2,husband,/ˈhʌzbənd/,n.,丈夫,p.28
7a-word-list_01-07.png,,7A,Unit 2,bat,/bæt/,n.,球棒；球拍,p.29
7a-word-list_01-07.png,,7A,Unit 2,ping-pong bat,,,乒乓球拍,p.29
7a-word-list_01-07.png,,7A,Unit 2,play ping-pong,,,打乒乓球,p.29
7a-word-list_01-07.png,,7A,Unit 2,together,/təˈɡeðə(r)/,adv.,在一起；共同,p.29
7a-word-list_01-07.png,,7A,Unit 2,every day,,,每天,p.29
7a-word-list_01-07.png,,7A,Unit 2,fishing rod,/rɒd/,,钓竿,p.29
7a-word-list_01-07.png,,7A,Unit 2,spend,/spend/,v.,花（时间、钱等）,p.29
7a-word-list_01-07.png,,7A,Unit 2,a lot of / lots of,,,大量；许多,p.29
7a-word-list_01-07.png,,7A,Unit 2,really,/ˈriːəli/,adv.,非常；确实；真正地,p.29
7a-word-list_01-07.png,,7A,Unit 2,member,/ˈmembə(r)/,n.,成员；会员,p.30
7a-word-list_01-07.png,,7A,Unit 2,activity,/ækˈtɪvəti/,n.,活动,p.30
7a-word-list_01-07.png,,7A,Unit 2,chess,/tʃes/,n.,国际象棋,p.30
7a-word-list_01-07.png,,7A,Unit 2,Chinese chess,,,中国象棋,p.30
7a-word-list_01-07.png,,7A,Unit 2,grandparent,/ˈɡrænpeərənt/,n.,祖父（母）；外祖父（母）,p.31
7a-word-list_01-07.png,,7A,Unit 2,funny,/ˈfʌni/,adj.,好笑的；奇怪的,p.31
7a-word-list_01-07.png,,7A,Unit 2,laugh,/lɑːf/,v. n.,v. 笑；发笑 n. 笑声,p.31
7a-word-list_01-07.png,,7A,Unit 2,different,/ˈdɪfrənt/,adj.,不同的,p.31
7a-word-list_01-07.png,,7A,Unit 2,violin,/ˌvaɪəˈlɪn/,n.,小提琴,p.31
7a-word-list_01-07.png,,7A,Unit 2,have fun,,,玩得高兴,p.31
7a-word-list_01-07.png,,7A,Unit 2,hat,/hæt/,n.,帽子,p.32
7a-word-list_01-07.png,,7A,Unit 2,handsome,/ˈhænsəm/,adj.,英俊的,p.32
7a-word-list_01-07.png,,7A,Unit 2,knee,/niː/,n.,膝；膝盖,p.32
7a-word-list_01-07.png,,7A,Unit 2,at night,,,在夜晚,p.32
7a-word-list_01-07.png,,7A,Unit 2,in the middle,,,在中间,p.32
7a-word-list_01-07.png,,7A,Unit 2,grandchild,/ˈɡræntʃaɪld/,n.,(pl. grandchildren /ˈɡrænˌtʃɪldrən/)（外）孙子；（外）孙女,p.32
7a-word-list_01-07.png,,7A,Unit 2,son,/sʌn/,n.,儿子,p.33
7a-word-list_01-07.png,,7A,Unit 2,hike,/haɪk/,v. & n.,远足；徒步旅行,p.33
7a-word-list_01-07.png,,7A,Unit 2,go hiking,,,远足；徒步旅行,p.33
7a-word-list_01-07.png,,7A,Unit 2,next to,,,紧邻；在……近旁,p.33
7a-word-list_01-07.png,,7A,Unit 3,hall,/hɔːl/,n.,礼堂；大厅,p.36
7a-word-list_01-07.png,,7A,Unit 3,dining hall,/ˈdaɪnɪŋ/,,餐厅,p.36
7a-word-list_01-07.png,,7A,Unit 3,in front of,,,在……前面,p.36
7a-word-list_01-07.png,,7A,Unit 3,building,/ˈbɪldɪŋ/,n.,建筑物；房子,p.36
7a-word-list_01-07.png,,7A,Unit 3,across,/əˈkrɒs/,adv. & prep.,在（……）对面；横过,p.36
7a-word-list_01-07.png,,7A,Unit 3,across from,,,在对面,p.36
7a-word-list_01-07.png,,7A,Unit 3,centre,/ˈsentə(r)/,n.,(= center) n. 中心；中央,p.36
7a-word-list_01-07.png,,7A,Unit 3,gym,/dʒɪm/,n.,(= gymnasium /dʒɪmˈneɪziəm/) 体育馆，健身房；（尤指学校的）体育活动,p.36
7a-word-list_01-07.png,,7A,Unit 3,field,/fiːld/,n.,场地；田地,p.36
7a-word-list_01-07.png,,7A,Unit 3,sports field,,,运动场,p.36
7a-word-list_01-07.png,,7A,Unit 3,office,/ˈɒfɪs/,n.,办公室,p.36
7a-word-list_01-07.png,,7A,Unit 3,large,/lɑːdʒ/,adj.,大的；大号的,p.37
7a-word-list_01-07.png,,7A,Unit 3,special,/ˈspeʃl/,adj.,特别的；特殊的,p.37
7a-word-list_01-07.png,,7A,Unit 3,smart,/smɑːt/,adj.,智能的；聪明的,p.37
7a-word-list_01-07.png,,7A,Unit 3,whiteboard,/ˈwaɪtbɔːd/,n.,白板；白色书写板,p.37
7a-word-list_01-07.png,,7A,Unit 3,put up,,,张贴；搭建,p.37
7a-word-list_01-07.png,,7A,Unit 3,important,/ɪmˈpɔːtnt/,adj.,重要的,p.37
7a-word-list_01-07.png,,7A,Unit 3,notice,/ˈnəʊtɪs/,n. v.,n. 通知；注意 v. 注意到；意识到,p.37
7a-word-list_01-07.png,,7A,Unit 3,locker,/ˈlɒkə(r)/,n.,有锁存物柜；寄物柜,p.37
7a-word-list_01-07.png,,7A,Unit 3,drawer,/drɔː(r)/,n.,抽屉,p.37
7a-word-list_01-07.png,,7A,Unit 3,at the back (of),,,在（……）后面,p.38
7a-word-list_01-07.png,,7A,Unit 3,corner,/ˈkɔːnə(r)/,n.,角；墙角；街角,p.38
7a-word-list_01-07.png,,7A,Unit 3,bookcase,/ˈbʊkkeɪs/,n.,书架；书柜,p.39
7a-word-list_01-07.png,,7A,Unit 3,screen,/skriːn/,n.,屏幕；银幕,p.39
7a-word-list_01-07.png,,7A,Unit 3,at school,,,在学校,p.40
7a-word-list_01-07.png,,7A,Unit 3,different from,,,与……不一样,p.40
7a-word-list_01-07.png,,7A,Unit 3,modern,/ˈmɒdn/,adj.,现代的；当代的,p.40
7a-word-list_01-07.png,,7A,Unit 3,do exercises,,,做体操,p.40
7a-word-list_01-07.png,,7A,Unit 3,amazing,/əˈmeɪzɪŋ/,adj.,令人惊奇（惊喜或惊叹）的,p.40
7a-word-list_01-07.png,,7A,Unit 3,raise,/reɪz/,v.,使升高；提高,p.40
7a-word-list_01-07.png,,7A,Unit 3,flag,/flæɡ/,n.,旗；旗帜,p.40
7a-word-list_01-07.png,,7A,Unit 3,most,/məʊst/,adj. pron. adv.,adj. & pron. 大多数；最多；最大 adv. 最,p.40
7a-word-list_01-07.png,,7A,Unit 3,change,/tʃeɪndʒ/,v. & n.,改变；变化,p.40
7a-word-list_01-07.png,,7A,Unit 3,seat,/siːt/,n.,座位,p.40
7a-word-list_01-07.png,,7A,Unit 3,delicious,/dɪˈlɪʃəs/,adj.,美味的；可口的,p.40
7a-word-list_01-07.png,,7A,Unit 3,How about ...?,,,……怎么样？,p.40
7a-word-list_01-07.png,,7A,Unit 3,yours,/jɔːz/,pron.,"（通常写作 Yours, 用于书信结尾的签名前）你的；您的",p.40
7a-word-list_01-07.png,,7A,Unit 3,send,/send/,v.,发送；邮寄,p.40
7a-word-list_01-07.png,,7A,Unit 3,similar,/ˈsɪmələ(r)/,adj.,类似的；相像的,p.41
7a-word-list_01-07.png,,7A,Unit 3,similar to,,,类似的；相像的,p.41
7a-word-list_01-07.png,,7A,Unit 3,sound,/saʊnd/,v. n.,v. 听起来；好像 n. 声音；响声,p.41
7a-word-list_01-07.png,,7A,Unit 3,bye for now,,,再见,p.41
7a-word-list_01-07.png,,7A,Unit 4,biology,/baɪˈɒlədʒi/,n.,生物学,p.44
7a-word-list_01-07.png,,7A,Unit 4,geography,/dʒiˈɒɡrəfi/,n.,地理（学）,p.44
7a-word-list_01-07.png,,7A,Unit 4,history,/ˈhɪstri/,n.,历史；历史课,p.44
7a-word-list_01-07.png,,7A,Unit 4,boring,/ˈbɔːrɪŋ/,adj.,乏味的；令人生厌的,p.44
7a-word-list_01-07.png,,7A,Unit 4,useful,/ˈjuːsfl/,adj.,有用的；有益的,p.44
7a-word-list_01-07.png,,7A,Unit 4,exciting,/ɪkˈsaɪtɪŋ/,adj.,令人激动的；使人兴奋的,p.44
7a-word-list_01-07.png,,7A,Unit 4,past,/pɑːst/,n. adj. prep.,n. 过去；过去的事情 adj. 过去的 prep. 在……之后,p.45
7a-word-list_01-07.png,,7A,Unit 4,good with,,,灵巧的；善于应付……的,p.45
7a-word-list_01-07.png,,7A,Unit 4,number,/ˈnʌmbə(r)/,n.,数字；号码,p.45
7a-word-list_01-07.png,,7A,Unit 4,help sb with,,,帮助某人做（某事）,p.45
7a-word-list_01-07.png,,7A,Unit 4,reason,/ˈriːzn/,n.,原因；理由,p.46
7a-word-list_01-07.png,,7A,Unit 4,listen to,,,听；倾听,p.47
7a-word-list_01-07.png,,7A,Unit 4,good at,,,擅长,p.47
7a-word-list_01-07.png,,7A,Unit 4,remember,/rɪˈmembə(r)/,v.,记住；记起,p.47
7a-word-list_01-07.png,,7A,Unit 4,as,/æz; əz/,prep. conj.,prep. 如同；作为 conj. 当……时；由于,p.47
7a-word-list_01-07.png,,7A,Unit 4,French,/frentʃ/,n. adj.,n. 法语 adj. 法国的；法国人的；法语的,p.48
7a-word-list_01-07.png,,7A,Unit 4,excellent,/ˈeksələnt/,adj.,优秀的；极好的,p.48
7a-word-list_01-07.png,,7A,Unit 4,instrument,/ˈɪnstrəmənt/,n.,乐器；器械；工具,p.48
7a-word-list_01-07.png,,7A,Unit 4,singer,/ˈsɪŋə(r)/,n.,歌手,p.48
7a-word-list_01-07.png,,7A,Unit 4,future,/ˈfjuːtʃə(r)/,n.,将来；未来,p.48
7a-word-list_01-07.png,,7A,Unit 4,in the future,,,将来；未来,p.48
7a-word-list_01-07.png,,7A,Unit 4,term,/tɜːm/,n.,学期,p.48
7a-word-list_01-07.png,,7A,Unit 4,work out,,,计算出；解决,p.48
7a-word-list_01-07.png,,7A,Unit 4,problem,/ˈprɒbləm/,n.,难题；困难,p.48
7a-word-list_01-07.png,,7A,Unit 4,in class,,,课堂上,p.48
7a-word-list_01-07.png,,7A,Unit 4,magic,/ˈmædʒɪk/,n. adj.,n. 魔法；魔力；魔术 adj. 有魔力的；有神奇力量的,p.48
7a-word-list_01-07.png,,7A,Unit 4,life,/laɪf/,n.,生活；生命,p.48
7a-word-list_01-07.png,,7A,Unit 4,scientist,/ˈsaɪəntɪst/,n.,科学家,p.48
7a-word-list_01-07.png,,7A,Unit 5,club,/klʌb/,n.,俱乐部；社团,p.51
7a-word-list_01-07.png,,7A,Unit 5,join,/dʒɔɪn/,v.,参加；加入,p.51
7a-word-list_01-07.png,,7A,Unit 5,choose,/tʃuːz/,v.,选择；挑选,p.52
7a-word-list_01-07.png,,7A,Unit 5,drama,/ˈdrɑːmə/,n.,戏剧；戏剧表演,p.52
7a-word-list_01-07.png,,7A,Unit 5,play Chinese chess,,,下中国象棋,p.52
7a-word-list_01-07.png,,7A,Unit 5,feeling,/ˈfiːlɪŋ/,n.,感觉；情感,p.52
7a-word-list_01-07.png,,7A,Unit 5,news,/njuːz/,n.,消息；新闻,p.53
7a-word-list_01-07.png,,7A,Unit 5,musical,/ˈmjuːzɪkl/,adj.,音乐的；有音乐天赋的,p.53
7a-word-list_01-07.png,,7A,Unit 5,musical instrument,,,乐器,p.53
7a-word-list_01-07.png,,7A,Unit 5,exactly,/ɪɡˈzæktli/,adv.,正是如此；准确地,p.53
7a-word-list_01-07.png,,7A,Unit 5,drum,/drʌm/,n.,鼓,p.53
7a-word-list_01-07.png,,7A,Unit 5,ability,/əˈbɪləti/,n.,能力；才能,p.54
7a-word-list_01-07.png,,7A,Unit 5,paint,/peɪnt/,v. n.,v. 用颜料画；在……上刷油漆 n. 油漆；涂料,p.54
7a-word-list_01-07.png,,7A,Unit 5,climb,/klaɪm/,v.,攀登；爬,p.55
7a-word-list_01-07.png,,7A,Unit 5,more,/mɔː(r)/,adj. & pron.,更多（的）,p.55
7a-word-list_01-07.png,,7A,Unit 5,act,/ækt/,v. n.,v. 扮演；行动 n.（戏剧等）一幕；行动,p.56
7a-word-list_01-07.png,,7A,Unit 5,act out,,,表演,p.56
7a-word-list_01-07.png,,7A,Unit 5,at home,,,在家里,p.56
7a-word-list_01-07.png,,7A,Unit 5,interested,/ˈɪntrəstɪd/,adj.,感兴趣的,p.56
7a-word-list_01-07.png,,7A,Unit 5,interested in,,,对……感兴趣,p.56
7a-word-list_01-07.png,,7A,Unit 5,nature,/ˈneɪtʃə(r)/,n.,自然界；大自然,p.56
7a-word-list_01-07.png,,7A,Unit 5,beef,/biːf/,n.,牛肉,p.56
7a-word-list_01-07.png,,7A,Unit 5,soon,/suːn/,adv.,不久；很快,p.56
7a-word-list_01-07.png,,7A,Unit 5,than,/ðæn; ðən/,prep. & conj.,（用以引出比较的第二部分）比,p.56
7a-word-list_01-07.png,,7A,Unit 5,more than,,,多于,p.56
7a-word-list_01-07.png,,7A,Unit 5,mind,/maɪnd/,n.,头脑；心思,p.56
7a-word-list_01-07.png,,7A,Unit 5,fall,/fɔːl/,v. n. n.,v. & n. 进入；掉落；跌倒 n.（美式）秋天,p.56
7a-word-list_01-07.png,,7A,Unit 5,fall in love with,,,爱上……,p.56
7a-word-list_01-07.png,,7A,Unit 5,take photos,,,拍照,p.56
7a-word-list_01-07.png,,7A,Unit 5,collect,/kəˈlekt/,v.,收集；采集,p.56
7a-word-list_01-07.png,,7A,Unit 5,insect,/ˈɪnsekt/,n.,昆虫,p.56
7a-word-list_01-07.png,,7A,Unit 5,discover,/dɪˈskʌvə(r)/,v.,发现；发觉,p.56
7a-word-list_01-07.png,,7A,Unit 5,wildlife,/ˈwaɪldlaɪf/,n.,野生动物；野生生物,p.56
7a-word-list_01-07.png,,7A,Unit 6,make use of,,,使用……；利用……,p.59
7a-word-list_01-07.png,,7A,Unit 6,quarter,/ˈkwɔːtə(r)/,n.,一刻钟；四等份之一,p.60
7a-word-list_01-07.png,,7A,Unit 6,shower,/ˈʃaʊə(r)/,n. v.,n. 淋浴；淋浴器；阵雨 v. 洗淋浴,p.60
7a-word-list_01-07.png,,7A,Unit 6,take a shower,,,淋浴,p.60
7a-word-list_01-07.png,,7A,Unit 6,get dressed,,,穿衣服,p.60
7a-word-list_01-07.png,,7A,Unit 6,brush,/brʌʃ/,v. n.,v. （用刷子）刷 n. 刷子；画笔,p.60
7a-word-list_01-07.png,,7A,Unit 6,tooth,/tuːθ/,n.,(pl. teeth /tiːθ/) 牙齿,p.60
7a-word-list_01-07.png,,7A,Unit 6,duty,/ˈdjuːti/,n.,值班；职责,p.60
7a-word-list_01-07.png,,7A,Unit 6,on duty,,,值班,p.60
7a-word-list_01-07.png,,7A,Unit 6,usually,/ˈjuːʒuəli/,adv.,通常地；一般地,p.60
7a-word-list_01-07.png,,7A,Unit 6,get up,,,起床；站起,p.60
7a-word-list_01-07.png,,7A,Unit 6,reporter,/rɪˈpɔːtə(r)/,n.,记者,p.61
7a-word-list_01-07.png,,7A,Unit 6,around,/əˈraʊnd/,adv. & prep.,大约；环绕；到处,p.61
7a-word-list_01-07.png,,7A,Unit 6,homework,/ˈhəʊmwɜːk/,n.,家庭作业,p.61
7a-word-list_01-07.png,,7A,Unit 6,go to bed,,,上床睡觉,p.61
7a-word-list_01-07.png,,7A,Unit 6,saying,/ˈseɪɪŋ/,n.,谚语；格言,p.61
7a-word-list_01-07.png,,7A,Unit 6,rise,/raɪz/,v. n.,v. 起床；升起；增长 n. 增加；增强,p.61
7a-word-list_01-07.png,,7A,Unit 6,stay,/steɪ/,v.,停留；待,p.62
7a-word-list_01-07.png,,7A,Unit 6,routine,/ruːˈtiːn/,n.,常规,p.62
7a-word-list_01-07.png,,7A,Unit 6,restaurant,/ˈrestrɒnt/,n.,餐馆；餐厅,p.63
7a-word-list_01-07.png,,7A,Unit 6,housework,/ˈhaʊswɜːk/,n.,家务劳动,p.63
7a-word-list_01-07.png,,7A,Unit 6,while,/waɪl/,n. conj.,n. 一段时间；一会儿 conj. 在……期间；当……的时候,p.63
7a-word-list_01-07.png,,7A,Unit 6,weekend,/ˌwiːkˈend/,n.,周末,p.63
7a-word-list_01-07.png,,7A,Unit 6,at weekends,,,在周末,p.63
7a-word-list_01-07.png,,7A,Unit 6,daily,/ˈdeɪli/,adj.,每日的；日常的,p.64
7a-word-list_01-07.png,,7A,Unit 6,daily routine,,,日常生活,p.64
7a-word-list_01-07.png,,7A,Unit 6,only,/ˈəʊnli/,adv.,只；仅,p.64
7a-word-list_01-07.png,,7A,Unit 6,break,/breɪk/,n. v.,n. 休息；间断 v.（使）破碎；损坏,p.64
7a-word-list_01-07.png,,7A,Unit 6,Finnish,/ˈfɪnɪʃ/,n. adj.,n. 芬兰语 adj. 芬兰的；芬兰人的；芬兰语的,p.64
7a-word-list_01-07.png,,7A,Unit 6,finish,/ˈfɪnɪʃ/,v.,结束；完成,p.64
7a-word-list_01-07.png,,7A,Unit 6,hockey,/ˈhɒki/,n.,曲棍球,p.64
7a-word-list_01-07.png,,7A,Unit 6,ice hockey,,,冰球运动；冰上曲棍球,p.64
7a-word-list_01-07.png,,7A,Unit 6,already,/ɔːlˈredi/,adv.,已经；早已,p.64
7a-word-list_01-07.png,,7A,Unit 6,dark,/dɑːk/,adj.,昏暗的；深色的,p.64
7a-word-list_01-07.png,,7A,Unit 6,outside,/ˌaʊtˈsaɪd/,adv. prep. adj.,adv. & prep. 在（……）外面 adj. 外面的,p.64
7a-word-list_01-07.png,,7A,Unit 6,part,/pɑːt/,n.,部分,p.64
7a-word-list_01-07.png,,7A,Unit 6,everyday,/ˈevrideɪ/,adj.,每天的；日常的,p.64
7a-word-list_01-07.png,,7A,Unit 6,prepare,/prɪˈpeə(r)/,v.,把……预备好；准备,p.64
7a-word-list_01-07.png,,7A,Unit 6,prepare sth for,,,为……把某物准备好,p.64
7a-word-list_01-07.png,,7A,Unit 6,home economics,/ˌiːkəˈnɒmɪks/,,家政学；家庭经济学,p.64
7a-word-list_01-07.png,,7A,Unit 7,celebrate,/ˈselɪbreɪt/,v.,庆祝；庆贺,p.67
7a-word-list_01-07.png,,7A,Unit 7,surprise,/səˈpraɪz/,n. v.,n. 惊奇；惊讶 v. 使感到意外,p.69
7a-word-list_01-07.png,,7A,Unit 7,something,/ˈsʌmθɪŋ/,pron.,某事；某物,p.69
7a-word-list_01-07.png,,7A,Unit 7,sale,/seɪl/,n.,出售；销售,p.69
7a-word-list_01-07.png,,7A,Unit 7,kilo,/ˈkiːləʊ/,n.,"(= kilogram, kilogramme /ˈkɪləɡræm/) n. (pl. kilos) 千克；公斤",p.69
7a-word-list_01-07.png,,7A,Unit 7,yogurt,/ˈjɒɡət/,n.,(= yoghurt) n. 酸奶,p.69
7a-word-list_01-07.png,,7A,Unit 7,total,/ˈtəʊtl/,n. adj.,n. 总数；合计 adj. 总的；全体的,p.69
7a-word-list_01-07.png,,7A,Unit 7,price,/praɪs/,n.,价格,p.70
7a-word-list_01-07.png,,7A,Unit 7,balloon,/bəˈluːn/,n.,气球,p.70
7a-word-list_01-07.png,,7A,Unit 7,chocolate,/ˈtʃɒklət/,n.,巧克力,p.70
7a-word-list_01-07.png,,7A,Unit 7,pizza,/ˈpiːtsə/,n.,比萨饼,p.70
7a-word-list_01-07.png,,7A,Unit 7,list,/lɪst/,n. v.,n. 名单；清单 v. 列表；列清单,p.70
7a-word-list_01-07.png,,7A,Unit 7,own,/əʊn/,adj. & pron.,自己的；本人的,p.71
7a-word-list_01-07.png,,7A,Unit 7,example,/ɪɡˈzɑːmpl/,n.,例子；范例,p.71
7a-word-list_01-07.png,,7A,Unit 7,for example,,,例如,p.71
7a-word-list_01-07.png,,7A,Unit 7,language,/ˈlæŋɡwɪdʒ/,n.,语言,p.71
7a-word-list_01-07.png,,7A,Unit 7,international,/ˌɪntəˈnæʃnəl/,adj.,国际的,p.71
7a-word-list_01-07.png,,7A,Unit 7,mark,/mɑːk/,v. n.,v. 做记号；纪念；打分 n. 记号,p.71
7a-word-list_01-07.png,,7A,Unit 7,national,/ˈnæʃnəl/,adj.,国家的；民族的,p.71
7a-word-list_01-07.png,,7A,Unit 7,found,/faʊnd/,v.,创建；创立,p.71
7a-word-list_01-07.png,,7A,Unit 7,meaningful,/ˈmiːnɪŋfl/,adj.,有意义的；重要的,p.72
7a-word-list_01-07.png,,7A,Unit 7,make a wish,,,许愿,p.72
7a-word-list_01-07.png,,7A,Unit 7,celebration,/ˌselɪˈbreɪʃn/,n.,庆典；庆祝（活动）,p.72
7a-word-list_01-07.png,,7A,Unit 7,post,/pəʊst/,n. v.,n. 帖子；邮政 v. 邮寄；发布,p.72
7a-word-list_01-07.png,,7A,Unit 7,contact,/ˈkɒntækt/,n. v.,n. 联系；接触 v. 联系；联络,p.72
7a-word-list_01-07.png,,7A,Unit 7,symbol,/ˈsɪmbl/,n.,象征；符号,p.72
7a-word-list_01-07.png,,7A,Unit 7,take a photo,,,拍照,p.72
7a-word-list_01-07.png,,7A,Unit 7,village,/ˈvɪlɪdʒ/,n.,村庄；村镇,p.72
7a-word-list_01-07.png,,7A,Unit 7,grow,/ɡrəʊ/,v.,成长；长大；增长,p.72
7a-word-list_01-07.png,,7A,Unit 7,blow,/bləʊ/,v.,吹；刮,p.72
7a-word-list_01-07.png,,7A,Unit 7,blow out,,,吹灭,p.72
7a-word-list_01-07.png,,7A,Unit 7,enjoy,/ɪnˈdʒɔɪ/,v.,享受……的乐趣；喜欢,p.72
7a-word-list_01-07.png,,7A,Unit 7,height,/haɪt/,n.,身高；高度,p.72
7a-word-list_01-07.png,,7A,Unit 7,later,/ˈleɪtə(r)/,adv. & adj.,以后（的）；后来（的）,p.72
7a-word-list_01-07.png,,7A,Unit 7,next time,,,下次,p.72
7a-word-list_01-07.png,,7A,Unit 7,whom,/huːm/,pron.,谁；什么人,p.73
7a-word-list_01-07.png,,7A,Unit 7,National Day,,,国庆节,p.71
